{"sentiment_delta": 0.6876767647040074, "injury_delta": 0.0, "sharp_implied_prob": 3.353997944130164, "clv": -0.4232104363589344, "sharp_vig": 0.0, "form_winrate_l5": 0.6831309931236893, "form_games_l5": 0.004869185253815361, "intercept": -1.833286828496432, "meta": {"samples": 46352, "wins": 29237, "losses": 17115, "active_features": ["sentiment_delta", "sharp_implied_prob", "clv", "form_winrate_l5", "form_games_l5"], "variance": {"sentiment_delta": 4.564354275212088e-05, "injury_delta": 0.0, "sharp_implied_prob": 0.014954797379636895, "clv": 0.0009385165043437554, "sharp_vig": 0.0, "form_winrate_l5": 0.06956125085926843, "form_games_l5": 0.8976692876838597}}}