{"sentiment_delta": 0.0, "injury_delta": 0.0, "sharp_implied_prob": 4.8759664520971295, "sharp_vig": 0.8864051364882932, "form_winrate_l5": 0.23375442082074976, "form_games_l5": -0.0665870435015843, "intercept": -2.2199951781929164, "meta": {"samples": 599951, "wins": 315470, "losses": 284481, "active_features": ["sharp_implied_prob", "sharp_vig", "form_winrate_l5", "form_games_l5"], "variance": {"sentiment_delta": 0.0, "injury_delta": 0.0, "sharp_implied_prob": 0.029486350821981675, "sharp_vig": 0.00037442776658328983, "form_winrate_l5": 0.06293570631162829, "form_games_l5": 0.3669119967213079}}}